sexo,faixa_etaria,escolaridade,renda,tecnologias,motivo_uso,horas_uso,posicao_uso,uso_continuo,atv_fisica,frequencia_atividade,desconforto,tipo_desconforto,impacto,motivo_continuar,reduzir_tempo_uso,mudancas_necessarias,data_envio
Feminino,Acima de 40 anos,Ensino Fundamental Completo,Entre 3 e 5 salarios,Televisao; Notebook; Tablet; Smartphone,Estudo,Menos de 3 horas,Sim,Forma continua,Sim,De 2 a 4 vezes,Raramente,Dor de ouvido; Dor nas costas,Nao,Simplesmente por gostar,Sim,Musculacao; Ajuda de um profissional fisioterapeuta; Outros,2025-04-25 00:09:07
Masculino,Entre 13 e 18 anos,Ensino Medio Completo,Ate 1 salario,Veiculo; Notebook; Eletrodomesticos; Fone; Camera,Tedio,Entre 6 horas e 8 horas,Nao,Forma continua,Sim,De 2 a 4 vezes,Sempre,Outros,Nao,Dependencia,Nao,Inserir atividades fisicas em sua rotina; Musculacao; Ergonomia; Diminuir o tempo de uso,2025-04-25 00:09:07
Feminino,Acima de 40 anos,Ensino Superior Incompleto,Entre 1 e 3 salarios,Televisao; Camera; Notebook; Fone,Outro,Entre 6 horas e 8 horas,Nao,Forma continua,Nao,Nao pratica,Sempre,Cansaco excessivo; Dor nas costas,Nao,Isolamento social,Sim,Outros; Musculacao; Inserir atividades fisicas em sua rotina; Ergonomia,2025-04-25 00:09:07
Prefiro nao dizer,Entre 32 e 40 anos,Ensino Superior Incompleto,Acima de 5 salarios,Camera; Tablet; Televisao; Notebook; Veiculo,Diversao / lazer,Entre 6 horas e 8 horas,Sim,Faco pausas,Sim,De 4 a 6 vezes,Regularmente,Dor de cabeca; Dor nas costas; Cansaco excessivo,Nao,Necessidade,Sim,Inserir atividades fisicas em sua rotina; Ajuda de um profissional fisioterapeuta; Outros; Musculacao,2025-04-25 00:09:07
Masculino,Entre 25 e 31 anos,Ensino Fundamental Completo,Entre 1 e 3 salarios,Outros,Estudo,Acima de 8 horas,Sim,Forma continua,Sim,De 4 a 6 vezes,Sempre,,Sim,Simplesmente por gostar,Sim,Ergonomia; Outros,2025-04-25 00:09:07
Feminino,Entre 25 e 31 anos,Ensino Medio Completo,Acima de 5 salarios,Computador; Veiculo; Eletrodomesticos; Outros; Camera,Estudo,Menos de 3 horas,Sim,Forma continua,Nao,Nao pratica,Regularmente,Dor muscular,Sim,Outros,Nao,Diminuir o tempo de uso; Ajuda de um profissional fisioterapeuta; Musculacao; Ergonomia,2025-04-25 00:09:07
Masculino,Entre 32 e 40 anos,Ensino Superior Completo,Entre 3 e 5 salarios,Smartphone; Tablet; Computador,Outro,Entre 6 horas e 8 horas,Sim,Faco pausas,Sim,Todos os dias,Regularmente,Disturbios do sono; Dor nas costas; Cansaco excessivo; Outros,Sim,Outros,Nao,Musculacao; Inserir atividades fisicas em sua rotina,2025-04-25 00:09:07
Outro,Entre 13 e 18 anos,Ensino Superior Completo,Ate 1 salario,Veiculo,Outro,Menos de 3 horas,Sim,Forma continua,Sim,Todos os dias,Regularmente,Nenhum; Cansaco excessivo; Problemas de postura; Dor de cabeca,Sim,Outros,Sim,Outros; Inserir atividades fisicas em sua rotina,2025-04-25 00:09:07
Prefiro nao dizer,Entre 32 e 40 anos,Ensino Medio Incompleto,Entre 3 e 5 salarios,Televisao; Veiculo,Estudo,Menos de 3 horas,Sim,Forma continua,Sim,Todos os dias,De vez em quando,Sedentarismo; Dor nas costas; Dor muscular; Disturbios do sono,Nao,Isolamento social,Nao,Ergonomia; Musculacao; Ajuda de um profissional fisioterapeuta; Inserir atividades fisicas em sua rotina,2025-04-25 00:09:07
Prefiro nao dizer,Entre 32 e 40 anos,Ensino Fundamental Incompleto,Entre 3 e 5 salarios,Televisao; Notebook; Veiculo; Fone; Computador,Diversao / lazer,Acima de 8 horas,Nao,Forma continua,Nao,Nao pratica,Regularmente,Cansaco excessivo,Sim,Outros,Nao,Ergonomia; Diminuir o tempo de uso; Inserir atividades fisicas em sua rotina; Outros,2025-04-25 00:09:07
Prefiro nao dizer,Entre 32 e 40 anos,Ensino Medio Completo,Acima de 5 salarios,Veiculo; Smartphone; Tablet; Notebook,Outro,Entre 3 horas e 6 horas,Sim,Faco pausas,Sim,Todos os dias,Raramente,Fadiga ocular,Nao,Simplesmente por gostar,Sim,Diminuir o tempo de uso; Outros; Ergonomia; Musculacao,2025-04-25 00:09:07
Prefiro nao dizer,Entre 32 e 40 anos,Ensino Superior Completo,Acima de 5 salarios,Computador; Eletrodomesticos; Smartphone; Outros; Fone,Diversao / lazer,Entre 3 horas e 6 horas,Sim,Faco pausas,Nao,Nao pratica,Nunca,Dor muscular; Fadiga ocular,Nao,Dependencia,Nao,Ajuda de um profissional fisioterapeuta; Inserir atividades fisicas em sua rotina; Outros,2025-04-25 00:09:07
Prefiro nao dizer,Entre 19 e 24 anos,Ensino Medio Completo,Entre 3 e 5 salarios,Eletrodomesticos,Trabalho,Entre 6 horas e 8 horas,Nao,Forma continua,Nao,Nao pratica,Raramente,Dor muscular; Problemas de postura; Disturbios do sono,Sim,Dependencia,Sim,Ergonomia,2025-04-25 00:09:07
Feminino,Entre 32 e 40 anos,Ensino Superior Completo,Entre 1 e 3 salarios,Televisao,Estudo,Entre 6 horas e 8 horas,Sim,Forma continua,Nao,Nao pratica,De vez em quando,Sedentarismo; Cansaco excessivo; Outros; Dor de ouvido,Sim,Necessidade,Nao,Musculacao; Ergonomia; Ajuda de um profissional fisioterapeuta,2025-04-25 00:09:07
Masculino,Entre 19 e 24 anos,Ensino Fundamental Completo,Acima de 5 salarios,Notebook; Computador,Outro,Menos de 3 horas,Sim,Forma continua,Sim,De 2 a 4 vezes,Nunca,Nenhum; Outros,Nao,Dependencia,Nao,Outros; Ajuda de um profissional fisioterapeuta; Musculacao; Inserir atividades fisicas em sua rotina,2025-04-25 00:09:07
Masculino,Ate 12 anos,Ensino Fundamental Incompleto,Acima de 5 salarios,Tablet; Veiculo; Televisao; Outros,Tedio,Menos de 3 horas,Sim,Forma continua,Nao,Nao pratica,Raramente,Nenhum; Problemas de postura,Sim,Dependencia,Sim,Inserir atividades fisicas em sua rotina; Musculacao,2025-04-25 00:09:07
Masculino,Entre 32 e 40 anos,Ensino Superior Completo,Ate 1 salario,Outros; Veiculo; Tablet,Estudo,Menos de 3 horas,Sim,Forma continua,Sim,De 4 a 6 vezes,Raramente,Cansaco excessivo; Problemas de postura; Sedentarismo; Dor muscular,Sim,Isolamento social,Sim,Ergonomia; Outros; Diminuir o tempo de uso; Musculacao,2025-04-25 00:09:07
Outro,Acima de 40 anos,Ensino Fundamental Completo,Ate 1 salario,Veiculo; Smartphone; Outros; Tablet,Tedio,Entre 6 horas e 8 horas,Sim,Faco pausas,Nao,Nao pratica,De vez em quando,Dor nas costas,Nao,Isolamento social,Nao,Diminuir o tempo de uso; Ergonomia,2025-04-25 00:09:07
Feminino,Entre 25 e 31 anos,Ensino Medio Completo,Acima de 5 salarios,Veiculo; Computador; Outros; Fone,Estudo,Menos de 3 horas,Nao,Faco pausas,Nao,Nao pratica,Nunca,Cansaco excessivo,Nao,Dependencia,Sim,Musculacao,2025-04-25 00:09:07
Feminino,Entre 13 e 18 anos,Ensino Superior Completo,Entre 1 e 3 salarios,Tablet; Televisao; Eletrodomesticos; Smartphone,Estudo,Entre 6 horas e 8 horas,Nao,Faco pausas,Nao,Nao pratica,Sempre,Cansaco excessivo; Dor de ouvido,Sim,Dependencia,Nao,Musculacao; Outros; Ergonomia; Diminuir o tempo de uso,2025-04-25 00:09:07
Feminino,Entre 13 e 18 anos,Ensino Superior Incompleto,Acima de 5 salarios,Televisao,Outro,Entre 6 horas e 8 horas,Sim,Forma continua,Sim,Todos os dias,De vez em quando,Fadiga ocular; Dor de ouvido,Nao,Isolamento social,Nao,Ajuda de um profissional fisioterapeuta,2025-04-25 00:09:07
Feminino,Ate 12 anos,Ensino Medio Completo,Entre 3 e 5 salarios,Tablet; Smartphone,Trabalho,Acima de 8 horas,Nao,Forma continua,Nao,Nao pratica,Regularmente,Sedentarismo; Dor muscular; Dor nas costas; Outros,Sim,Isolamento social,Sim,Outros,2025-04-25 00:09:07
Prefiro nao dizer,Entre 19 e 24 anos,Ensino Fundamental Incompleto,Entre 1 e 3 salarios,Smartphone,Diversao / lazer,Menos de 3 horas,Nao,Faco pausas,Nao,Nao pratica,Regularmente,Fadiga ocular; Dor nas costas,Sim,Necessidade,Nao,Outros; Musculacao,2025-04-25 00:09:07
Outro,Acima de 40 anos,Ensino Superior Completo,Entre 3 e 5 salarios,Televisao; Notebook,Outro,Entre 3 horas e 6 horas,Sim,Forma continua,Nao,Nao pratica,De vez em quando,Sedentarismo,Sim,Necessidade,Sim,Ergonomia; Diminuir o tempo de uso; Musculacao; Inserir atividades fisicas em sua rotina,2025-04-25 00:09:07
Prefiro nao dizer,Entre 25 e 31 anos,Ensino Medio Completo,Entre 3 e 5 salarios,Outros,Outro,Entre 6 horas e 8 horas,Nao,Forma continua,Sim,Todos os dias,De vez em quando,Disturbios do sono,Nao,Outros,Nao,Ergonomia,2025-04-25 00:09:07
Prefiro nao dizer,Acima de 40 anos,Ensino Fundamental Completo,Ate 1 salario,Eletrodomesticos; Computador,Tedio,Entre 3 horas e 6 horas,Nao,Forma continua,Nao,Nao pratica,Sempre,Disturbios do sono; Cansaco excessivo,Sim,Dependencia,Sim,Musculacao; Inserir atividades fisicas em sua rotina; Diminuir o tempo de uso,2025-04-25 00:09:07
Outro,Entre 25 e 31 anos,Ensino Fundamental Incompleto,Acima de 5 salarios,Eletrodomesticos; Veiculo; Smartphone; Computador,Tedio,Acima de 8 horas,Sim,Forma continua,Nao,Nao pratica,Nunca,,Nao,Simplesmente por gostar,Nao,Ergonomia; Ajuda de um profissional fisioterapeuta,2025-04-25 00:09:07
Masculino,Entre 13 e 18 anos,Ensino Medio Completo,Ate 1 salario,Veiculo; Fone; Outros; Smartphone,Trabalho,Menos de 3 horas,Sim,Forma continua,Sim,De 2 a 4 vezes,Sempre,Disturbios do sono; Outros; Dor muscular; Nenhum,Sim,Isolamento social,Sim,Ergonomia; Diminuir o tempo de uso,2025-04-25 00:09:07
Prefiro nao dizer,Entre 32 e 40 anos,Ensino Superior Completo,Entre 1 e 3 salarios,Eletrodomesticos; Tablet,Estudo,Entre 6 horas e 8 horas,Sim,Forma continua,Nao,Nao pratica,De vez em quando,,Nao,Outros,Nao,Outros; Ergonomia,2025-04-25 00:09:07
Masculino,Entre 25 e 31 anos,Ensino Fundamental Incompleto,Entre 3 e 5 salarios,Tablet; Veiculo; Camera; Televisao,Diversao / lazer,Entre 6 horas e 8 horas,Sim,Forma continua,Sim,De 2 a 4 vezes,Nunca,,Nao,Outros,Nao,Ajuda de um profissional fisioterapeuta; Musculacao; Inserir atividades fisicas em sua rotina,2025-04-25 00:09:07
Masculino,Entre 13 e 18 anos,Ensino Medio Incompleto,Ate 1 salario,Fone; Notebook; Eletrodomesticos; Veiculo; Tablet,Estudo,Menos de 3 horas,Nao,Forma continua,Nao,Nao pratica,Nunca,Dor nas costas; Dor muscular; Fadiga ocular,Sim,Outros,Nao,Ajuda de um profissional fisioterapeuta,2025-04-25 00:09:07
Outro,Entre 13 e 18 anos,Ensino Medio Completo,Entre 1 e 3 salarios,Notebook; Veiculo,Estudo,Entre 3 horas e 6 horas,Nao,Faco pausas,Sim,De 2 a 4 vezes,Regularmente,Nenhum; Dor muscular; Dor nas costas,Nao,Isolamento social,Nao,Outros; Inserir atividades fisicas em sua rotina; Ajuda de um profissional fisioterapeuta,2025-04-25 00:09:07
Prefiro nao dizer,Entre 19 e 24 anos,Ensino Medio Incompleto,Entre 3 e 5 salarios,Computador; Tablet,Trabalho,Entre 6 horas e 8 horas,Nao,Forma continua,Nao,Nao pratica,Regularmente,Nenhum; Cansaco excessivo,Sim,Dependencia,Nao,Ajuda de um profissional fisioterapeuta; Musculacao; Ergonomia; Diminuir o tempo de uso,2025-04-25 00:09:07
Feminino,Entre 19 e 24 anos,Ensino Medio Completo,Entre 3 e 5 salarios,Camera,Outro,Entre 3 horas e 6 horas,Sim,Forma continua,Nao,Nao pratica,De vez em quando,Nenhum; Cansaco excessivo; Outros; Dor de cabeca,Sim,Outros,Sim,Inserir atividades fisicas em sua rotina,2025-04-25 00:09:07
Prefiro nao dizer,Entre 32 e 40 anos,Ensino Medio Incompleto,Entre 3 e 5 salarios,Tablet; Notebook,Outro,Acima de 8 horas,Nao,Faco pausas,Sim,Todos os dias,Nunca,Nenhum; Dor nas costas,Nao,Dependencia,Nao,Musculacao; Ajuda de um profissional fisioterapeuta; Diminuir o tempo de uso; Ergonomia,2025-04-25 00:09:07
Prefiro nao dizer,Entre 19 e 24 anos,Ensino Fundamental Completo,Acima de 5 salarios,Fone; Veiculo; Outros,Diversao / lazer,Menos de 3 horas,Sim,Faco pausas,Sim,1 vez,Nunca,Problemas de postura; Cansaco excessivo; Outros,Nao,Isolamento social,Sim,Diminuir o tempo de uso; Ergonomia,2025-04-25 00:09:07
Prefiro nao dizer,Entre 19 e 24 anos,Ensino Fundamental Completo,Ate 1 salario,Televisao; Eletrodomesticos; Outros,Tedio,Entre 3 horas e 6 horas,Nao,Faco pausas,Sim,Todos os dias,Nunca,,Nao,Outros,Sim,Inserir atividades fisicas em sua rotina; Outros,2025-04-25 00:09:07
Feminino,Entre 32 e 40 anos,Ensino Fundamental Completo,Acima de 5 salarios,Smartphone; Televisao; Tablet; Fone; Computador,Outro,Entre 6 horas e 8 horas,Sim,Forma continua,Sim,Todos os dias,Raramente,Sedentarismo,Nao,Outros,Sim,Ergonomia; Inserir atividades fisicas em sua rotina; Diminuir o tempo de uso; Outros,2025-04-25 00:09:07
Prefiro nao dizer,Entre 32 e 40 anos,Ensino Fundamental Incompleto,Entre 1 e 3 salarios,Eletrodomesticos; Outros; Tablet,Tedio,Entre 6 horas e 8 horas,Nao,Faco pausas,Sim,De 2 a 4 vezes,Regularmente,,Sim,Necessidade,Sim,Inserir atividades fisicas em sua rotina; Ergonomia; Outros; Ajuda de um profissional fisioterapeuta,2025-04-25 00:09:07
Prefiro nao dizer,Acima de 40 anos,Ensino Medio Completo,Acima de 5 salarios,Smartphone; Eletrodomesticos; Tablet,Estudo,Entre 3 horas e 6 horas,Sim,Forma continua,Nao,Nao pratica,Sempre,Sedentarismo; Cansaco excessivo,Sim,Dependencia,Nao,Ajuda de um profissional fisioterapeuta; Outros; Musculacao,2025-04-25 00:09:07
Outro,Acima de 40 anos,Ensino Medio Completo,Entre 1 e 3 salarios,Notebook; Fone; Televisao,Estudo,Menos de 3 horas,Nao,Forma continua,Nao,Nao pratica,De vez em quando,Dor de ouvido; Disturbios do sono,Sim,Necessidade,Sim,Inserir atividades fisicas em sua rotina; Diminuir o tempo de uso; Musculacao; Ergonomia,2025-04-25 00:09:07
Outro,Ate 12 anos,Ensino Medio Completo,Acima de 5 salarios,Televisao; Computador; Outros; Tablet; Smartphone,Trabalho,Entre 6 horas e 8 horas,Nao,Faco pausas,Sim,1 vez,Sempre,,Sim,Isolamento social,Sim,Musculacao; Outros,2025-04-25 00:09:07
Masculino,Entre 13 e 18 anos,Ensino Superior Incompleto,Entre 3 e 5 salarios,Fone; Camera; Outros,Diversao / lazer,Entre 6 horas e 8 horas,Sim,Forma continua,Sim,Todos os dias,Regularmente,Disturbios do sono,Sim,Dependencia,Nao,Outros; Inserir atividades fisicas em sua rotina; Diminuir o tempo de uso,2025-04-25 00:09:07
Prefiro nao dizer,Entre 25 e 31 anos,Ensino Superior Completo,Entre 3 e 5 salarios,Computador; Outros,Tedio,Menos de 3 horas,Sim,Forma continua,Sim,Todos os dias,Raramente,Dor de cabeca; Problemas de postura,Nao,Isolamento social,Nao,Inserir atividades fisicas em sua rotina,2025-04-25 00:09:07
Outro,Entre 32 e 40 anos,Ensino Fundamental Incompleto,Entre 3 e 5 salarios,Televisao; Camera; Notebook; Veiculo; Eletrodomesticos,Tedio,Menos de 3 horas,Nao,Faco pausas,Sim,1 vez,Raramente,Dor de cabeca; Fadiga ocular; Cansaco excessivo,Sim,Dependencia,Sim,Ajuda de um profissional fisioterapeuta; Diminuir o tempo de uso,2025-04-25 00:09:07
Feminino,Ate 12 anos,Ensino Fundamental Incompleto,Ate 1 salario,Smartphone; Veiculo,Estudo,Acima de 8 horas,Nao,Faco pausas,Sim,De 2 a 4 vezes,Sempre,Nenhum; Disturbios do sono,Sim,Dependencia,Nao,Diminuir o tempo de uso; Ergonomia,2025-04-25 00:09:07
Prefiro nao dizer,Acima de 40 anos,Ensino Superior Completo,Entre 1 e 3 salarios,Fone,Tedio,Acima de 8 horas,Nao,Faco pausas,Sim,De 4 a 6 vezes,De vez em quando,Outros; Problemas de postura; Dor nas costas,Sim,Outros,Nao,Ergonomia,2025-04-25 00:09:07
Prefiro nao dizer,Ate 12 anos,Ensino Medio Incompleto,Acima de 5 salarios,Fone; Eletrodomesticos; Smartphone; Notebook,Trabalho,Entre 6 horas e 8 horas,Nao,Forma continua,Sim,De 2 a 4 vezes,Nunca,Outros,Nao,Outros,Nao,Ergonomia; Ajuda de um profissional fisioterapeuta; Inserir atividades fisicas em sua rotina; Musculacao,2025-04-25 00:09:07
Feminino,Entre 13 e 18 anos,Ensino Medio Incompleto,Ate 1 salario,Smartphone; Outros,Diversao / lazer,Entre 3 horas e 6 horas,Nao,Forma continua,Sim,1 vez,Regularmente,Outros; Dor de ouvido,Sim,Outros,Sim,Ajuda de um profissional fisioterapeuta,2025-04-25 00:09:07
Masculino,Acima de 40 anos,Ensino Superior Completo,Acima de 5 salarios,Smartphone; Notebook; Televisao,Trabalho,Entre 6 horas e 8 horas,Nao,Faco pausas,Nao,Nao pratica,Nunca,Dor de cabeca,Sim,Dependencia,Sim,Ergonomia; Inserir atividades fisicas em sua rotina; Diminuir o tempo de uso,2025-04-25 00:09:07
Feminino,Entre 25 e 31 anos,Ensino Superior Incompleto,Entre 3 e 5 salarios,Veiculo; Eletrodomesticos; Outros; Camera,Trabalho,Entre 6 horas e 8 horas,Nao,Forma continua,Nao,Nao pratica,Nunca,Dor nas costas,Sim,Isolamento social,Sim,Ergonomia; Outros,2025-04-25 00:09:07
Prefiro nao dizer,Entre 13 e 18 anos,Ensino Superior Completo,Acima de 5 salarios,Eletrodomesticos; Smartphone; Notebook; Fone; Televisao,Outro,Menos de 3 horas,Nao,Faco pausas,Sim,De 4 a 6 vezes,Nunca,,Nao,Simplesmente por gostar,Nao,Outros; Ergonomia,2025-04-25 00:09:07
Outro,Ate 12 anos,Ensino Superior Incompleto,Ate 1 salario,Tablet,Trabalho,Menos de 3 horas,Sim,Faco pausas,Sim,1 vez,Regularmente,,Nao,Outros,Sim,Ajuda de um profissional fisioterapeuta; Inserir atividades fisicas em sua rotina; Ergonomia,2025-04-25 00:09:07
Outro,Entre 25 e 31 anos,Ensino Medio Completo,Ate 1 salario,Tablet; Smartphone; Computador; Camera,Diversao / lazer,Menos de 3 horas,Nao,Faco pausas,Sim,Todos os dias,Raramente,,Nao,Isolamento social,Sim,Ergonomia; Diminuir o tempo de uso,2025-04-25 00:09:07
Masculino,Entre 25 e 31 anos,Ensino Superior Completo,Entre 3 e 5 salarios,Tablet,Outro,Menos de 3 horas,Sim,Forma continua,Sim,De 2 a 4 vezes,Regularmente,,Sim,Dependencia,Nao,Musculacao; Inserir atividades fisicas em sua rotina; Ergonomia; Outros,2025-04-25 00:09:07
Outro,Acima de 40 anos,Ensino Fundamental Completo,Acima de 5 salarios,Eletrodomesticos,Estudo,Entre 3 horas e 6 horas,Sim,Faco pausas,Nao,Nao pratica,De vez em quando,Dor muscular; Cansaco excessivo; Problemas de postura,Nao,Dependencia,Sim,Inserir atividades fisicas em sua rotina; Ajuda de um profissional fisioterapeuta; Musculacao; Outros,2025-04-25 00:09:07
Feminino,Entre 19 e 24 anos,Ensino Medio Incompleto,Acima de 5 salarios,Smartphone,Diversao / lazer,Acima de 8 horas,Nao,Forma continua,Nao,Nao pratica,Regularmente,Fadiga ocular; Dor nas costas; Disturbios do sono; Dor de cabeca,Nao,Simplesmente por gostar,Sim,Ergonomia; Outros,2025-04-25 00:09:07
Prefiro nao dizer,Entre 32 e 40 anos,Ensino Medio Incompleto,Entre 3 e 5 salarios,Outros; Tablet; Veiculo; Camera,Tedio,Acima de 8 horas,Sim,Forma continua,Nao,Nao pratica,Nunca,Outros; Dor muscular,Nao,Simplesmente por gostar,Sim,Outros; Musculacao,2025-04-25 00:09:07
Outro,Entre 32 e 40 anos,Ensino Superior Completo,Acima de 5 salarios,Computador; Notebook; Eletrodomesticos,Trabalho,Entre 6 horas e 8 horas,Nao,Forma continua,Nao,Nao pratica,Sempre,Dor de ouvido; Problemas de postura; Dor de cabeca,Sim,Dependencia,Nao,Diminuir o tempo de uso,2025-04-25 00:09:07
Feminino,Entre 32 e 40 anos,Ensino Superior Incompleto,Entre 3 e 5 salarios,Televisao; Computador; Outros; Veiculo,Estudo,Acima de 8 horas,Nao,Faco pausas,Sim,De 4 a 6 vezes,Sempre,,Sim,Isolamento social,Sim,Ajuda de um profissional fisioterapeuta; Ergonomia; Inserir atividades fisicas em sua rotina; Diminuir o tempo de uso,2025-04-25 00:09:07
Feminino,Entre 19 e 24 anos,Ensino Superior Completo,Entre 3 e 5 salarios,Tablet; Outros,Tedio,Entre 6 horas e 8 horas,Nao,Faco pausas,Sim,De 4 a 6 vezes,Sempre,Nenhum,Nao,Simplesmente por gostar,Sim,Outros,2025-04-25 00:09:07
Prefiro nao dizer,Entre 13 e 18 anos,Ensino Fundamental Completo,Entre 3 e 5 salarios,Notebook; Camera; Veiculo,Trabalho,Acima de 8 horas,Nao,Faco pausas,Sim,1 vez,Raramente,Cansaco excessivo; Disturbios do sono,Sim,Outros,Nao,Outros; Inserir atividades fisicas em sua rotina; Diminuir o tempo de uso,2025-04-25 00:09:07
Masculino,Entre 19 e 24 anos,Ensino Medio Incompleto,Entre 1 e 3 salarios,Outros; Veiculo; Televisao,Trabalho,Acima de 8 horas,Sim,Forma continua,Nao,Nao pratica,De vez em quando,Problemas de postura,Sim,Necessidade,Sim,Ergonomia; Diminuir o tempo de uso,2025-04-25 00:09:07
Masculino,Entre 25 e 31 anos,Ensino Medio Incompleto,Acima de 5 salarios,Fone; Computador; Veiculo; Tablet; Notebook,Estudo,Entre 3 horas e 6 horas,Sim,Forma continua,Nao,Nao pratica,Nunca,,Nao,Outros,Nao,Diminuir o tempo de uso,2025-04-25 00:09:07
Prefiro nao dizer,Entre 25 e 31 anos,Ensino Superior Incompleto,Entre 3 e 5 salarios,Notebook; Tablet; Televisao,Diversao / lazer,Entre 3 horas e 6 horas,Nao,Forma continua,Sim,Todos os dias,Sempre,Problemas de postura; Outros; Dor nas costas,Nao,Isolamento social,Nao,Diminuir o tempo de uso; Ajuda de um profissional fisioterapeuta; Outros; Ergonomia,2025-04-25 00:09:07
Outro,Entre 19 e 24 anos,Ensino Medio Incompleto,Entre 1 e 3 salarios,Smartphone; Veiculo; Fone; Camera,Tedio,Menos de 3 horas,Sim,Faco pausas,Nao,Nao pratica,Regularmente,,Nao,Necessidade,Sim,Musculacao,2025-04-25 00:09:07
Feminino,Entre 25 e 31 anos,Ensino Superior Incompleto,Ate 1 salario,Outros,Tedio,Menos de 3 horas,Sim,Forma continua,Nao,Nao pratica,Regularmente,Problemas de postura,Sim,Dependencia,Nao,Ergonomia; Diminuir o tempo de uso; Ajuda de um profissional fisioterapeuta; Outros,2025-04-25 00:09:07
Prefiro nao dizer,Entre 13 e 18 anos,Ensino Fundamental Incompleto,Ate 1 salario,Veiculo; Tablet; Fone,Diversao / lazer,Menos de 3 horas,Nao,Faco pausas,Nao,Nao pratica,Raramente,Fadiga ocular; Outros,Sim,Outros,Sim,Diminuir o tempo de uso; Ajuda de um profissional fisioterapeuta,2025-04-25 00:09:07
Feminino,Acima de 40 anos,Ensino Fundamental Incompleto,Entre 1 e 3 salarios,Fone; Eletrodomesticos,Outro,Menos de 3 horas,Nao,Forma continua,Nao,Nao pratica,De vez em quando,Sedentarismo,Sim,Outros,Nao,Outros; Diminuir o tempo de uso; Musculacao; Inserir atividades fisicas em sua rotina,2025-04-25 00:09:07
Outro,Entre 32 e 40 anos,Ensino Fundamental Incompleto,Ate 1 salario,Televisao; Smartphone; Outros; Fone,Trabalho,Menos de 3 horas,Nao,Forma continua,Nao,Nao pratica,Raramente,Sedentarismo,Nao,Dependencia,Sim,Outros,2025-04-25 00:09:07
Feminino,Entre 19 e 24 anos,Ensino Fundamental Incompleto,Ate 1 salario,Computador,Outro,Acima de 8 horas,Sim,Forma continua,Nao,Nao pratica,Nunca,Outros; Dor de cabeca; Nenhum,Sim,Necessidade,Nao,Ergonomia,2025-04-25 00:09:07
Masculino,Acima de 40 anos,Ensino Fundamental Incompleto,Ate 1 salario,Camera; Veiculo,Trabalho,Entre 6 horas e 8 horas,Sim,Forma continua,Nao,Nao pratica,De vez em quando,,Sim,Isolamento social,Sim,Outros; Ajuda de um profissional fisioterapeuta,2025-04-25 00:09:07
Feminino,Acima de 40 anos,Ensino Superior Incompleto,Acima de 5 salarios,Tablet; Computador; Notebook,Outro,Acima de 8 horas,Sim,Faco pausas,Nao,Nao pratica,Nunca,Problemas de postura; Dor de ouvido; Nenhum,Sim,Isolamento social,Sim,Inserir atividades fisicas em sua rotina; Ajuda de um profissional fisioterapeuta; Outros; Ergonomia,2025-04-25 00:09:07
Masculino,Entre 19 e 24 anos,Ensino Superior Incompleto,Acima de 5 salarios,Smartphone,Tedio,Entre 3 horas e 6 horas,Nao,Faco pausas,Sim,1 vez,Nunca,Fadiga ocular; Nenhum,Sim,Necessidade,Nao,Outros; Inserir atividades fisicas em sua rotina,2025-04-25 00:09:07
Prefiro nao dizer,Ate 12 anos,Ensino Superior Incompleto,Acima de 5 salarios,Tablet,Tedio,Entre 6 horas e 8 horas,Sim,Faco pausas,Sim,Todos os dias,Sempre,Dor muscular; Dor de ouvido,Sim,Isolamento social,Nao,Diminuir o tempo de uso; Outros; Musculacao; Ergonomia,2025-04-25 00:09:07
Prefiro nao dizer,Entre 32 e 40 anos,Ensino Medio Completo,Ate 1 salario,Camera,Tedio,Entre 6 horas e 8 horas,Nao,Faco pausas,Sim,1 vez,De vez em quando,Dor de ouvido; Cansaco excessivo; Sedentarismo; Dor nas costas,Nao,Outros,Nao,Outros,2025-04-25 00:09:07
Masculino,Acima de 40 anos,Ensino Fundamental Completo,Acima de 5 salarios,Veiculo; Eletrodomesticos; Smartphone; Fone,Estudo,Menos de 3 horas,Sim,Faco pausas,Nao,Nao pratica,Regularmente,Sedentarismo,Sim,Necessidade,Nao,Inserir atividades fisicas em sua rotina; Musculacao; Ajuda de um profissional fisioterapeuta; Outros,2025-04-25 00:09:07
Outro,Entre 13 e 18 anos,Ensino Fundamental Completo,Ate 1 salario,Tablet; Camera; Notebook; Televisao; Veiculo,Diversao / lazer,Entre 3 horas e 6 horas,Nao,Faco pausas,Sim,De 4 a 6 vezes,Raramente,Sedentarismo; Dor de ouvido; Problemas de postura; Cansaco excessivo,Nao,Simplesmente por gostar,Nao,Musculacao,2025-04-25 00:09:07
Feminino,Entre 13 e 18 anos,Ensino Fundamental Incompleto,Entre 3 e 5 salarios,Outros; Camera; Notebook; Tablet,Diversao / lazer,Entre 6 horas e 8 horas,Nao,Faco pausas,Nao,Nao pratica,Regularmente,Disturbios do sono,Nao,Isolamento social,Nao,Ergonomia; Inserir atividades fisicas em sua rotina,2025-04-25 00:09:07
Masculino,Acima de 40 anos,Ensino Superior Incompleto,Entre 1 e 3 salarios,Televisao; Tablet,Outro,Entre 3 horas e 6 horas,Nao,Forma continua,Nao,Nao pratica,Nunca,Nenhum; Sedentarismo; Fadiga ocular; Outros,Nao,Dependencia,Nao,Ajuda de um profissional fisioterapeuta; Diminuir o tempo de uso; Outros,2025-04-25 00:09:07
Prefiro nao dizer,Entre 32 e 40 anos,Ensino Fundamental Incompleto,Ate 1 salario,Tablet,Tedio,Entre 6 horas e 8 horas,Sim,Faco pausas,Nao,Nao pratica,Regularmente,Dor muscular; Sedentarismo; Outros,Nao,Isolamento social,Sim,Diminuir o tempo de uso,2025-04-25 00:09:07
Outro,Ate 12 anos,Ensino Superior Completo,Ate 1 salario,Outros; Fone,Trabalho,Entre 6 horas e 8 horas,Sim,Faco pausas,Nao,Nao pratica,Regularmente,Nenhum; Cansaco excessivo; Dor muscular,Nao,Necessidade,Sim,Ajuda de um profissional fisioterapeuta; Musculacao; Diminuir o tempo de uso,2025-04-25 00:09:07
Outro,Entre 19 e 24 anos,Ensino Superior Incompleto,Acima de 5 salarios,Fone; Camera; Eletrodomesticos; Smartphone,Estudo,Acima de 8 horas,Nao,Faco pausas,Sim,1 vez,Regularmente,Sedentarismo; Fadiga ocular; Dor nas costas,Sim,Dependencia,Sim,Ergonomia; Diminuir o tempo de uso; Ajuda de um profissional fisioterapeuta,2025-04-25 00:09:07
Prefiro nao dizer,Ate 12 anos,Ensino Medio Completo,Entre 3 e 5 salarios,Camera; Computador; Smartphone,Estudo,Acima de 8 horas,Sim,Forma continua,Sim,1 vez,De vez em quando,Problemas de postura; Nenhum; Dor de cabeca,Nao,Dependencia,Sim,Ergonomia; Ajuda de um profissional fisioterapeuta; Inserir atividades fisicas em sua rotina; Musculacao,2025-04-25 00:09:07
Prefiro nao dizer,Entre 25 e 31 anos,Ensino Fundamental Incompleto,Acima de 5 salarios,Eletrodomesticos; Tablet; Smartphone; Camera,Trabalho,Entre 6 horas e 8 horas,Nao,Forma continua,Sim,Todos os dias,Regularmente,Dor de cabeca; Sedentarismo; Nenhum; Dor muscular,Sim,Outros,Sim,Outros,2025-04-25 00:09:07
Prefiro nao dizer,Ate 12 anos,Ensino Fundamental Incompleto,Acima de 5 salarios,Tablet; Computador,Estudo,Entre 3 horas e 6 horas,Sim,Faco pausas,Nao,Nao pratica,De vez em quando,Fadiga ocular,Nao,Outros,Sim,Diminuir o tempo de uso; Ajuda de um profissional fisioterapeuta,2025-04-25 00:09:07
Masculino,Entre 25 e 31 anos,Ensino Superior Incompleto,Entre 3 e 5 salarios,Camera; Computador; Outros; Tablet,Diversao / lazer,Entre 6 horas e 8 horas,Nao,Forma continua,Sim,De 4 a 6 vezes,Nunca,Problemas de postura; Nenhum,Sim,Dependencia,Sim,Ajuda de um profissional fisioterapeuta; Ergonomia,2025-04-25 00:09:07
Masculino,Ate 12 anos,Ensino Fundamental Incompleto,Acima de 5 salarios,Notebook; Tablet; Veiculo; Televisao,Outro,Acima de 8 horas,Nao,Forma continua,Sim,Todos os dias,Sempre,Dor muscular; Nenhum,Nao,Dependencia,Sim,Musculacao; Inserir atividades fisicas em sua rotina; Ergonomia; Ajuda de um profissional fisioterapeuta,2025-04-25 00:09:07
Prefiro nao dizer,Entre 19 e 24 anos,Ensino Medio Completo,Acima de 5 salarios,Eletrodomesticos; Veiculo; Computador; Tablet; Outros,Tedio,Entre 6 horas e 8 horas,Sim,Faco pausas,Sim,De 4 a 6 vezes,De vez em quando,Cansaco excessivo; Dor nas costas; Dor de cabeca; Dor muscular,Sim,Outros,Sim,Outros; Inserir atividades fisicas em sua rotina; Ergonomia,2025-04-25 00:09:07
Feminino,Ate 12 anos,Ensino Medio Incompleto,Entre 3 e 5 salarios,Eletrodomesticos,Trabalho,Entre 3 horas e 6 horas,Nao,Forma continua,Nao,Nao pratica,Regularmente,Nenhum; Dor nas costas; Fadiga ocular; Problemas de postura,Nao,Necessidade,Nao,Outros; Ajuda de um profissional fisioterapeuta; Inserir atividades fisicas em sua rotina; Musculacao,2025-04-25 00:09:07
Feminino,Entre 32 e 40 anos,Ensino Superior Incompleto,Acima de 5 salarios,Tablet,Tedio,Entre 6 horas e 8 horas,Sim,Forma continua,Sim,De 2 a 4 vezes,Sempre,Disturbios do sono; Dor de ouvido; Outros; Dor muscular,Nao,Necessidade,Sim,Diminuir o tempo de uso,2025-04-25 00:09:07
Outro,Acima de 40 anos,Ensino Superior Completo,Acima de 5 salarios,Smartphone; Veiculo; Televisao; Computador,Diversao / lazer,Entre 6 horas e 8 horas,Sim,Forma continua,Nao,Nao pratica,Sempre,Dor de cabeca; Nenhum; Dor de ouvido; Fadiga ocular,Nao,Dependencia,Sim,Outros; Ajuda de um profissional fisioterapeuta,2025-04-25 00:09:07
Outro,Entre 32 e 40 anos,Ensino Medio Incompleto,Acima de 5 salarios,Fone; Outros; Eletrodomesticos; Smartphone,Outro,Acima de 8 horas,Sim,Faco pausas,Nao,Nao pratica,Raramente,Dor de ouvido; Fadiga ocular; Sedentarismo; Outros,Nao,Dependencia,Nao,Diminuir o tempo de uso; Ergonomia; Musculacao; Ajuda de um profissional fisioterapeuta,2025-04-25 00:09:07
Masculino,Ate 12 anos,Ensino Fundamental Incompleto,Entre 1 e 3 salarios,Outros; Smartphone; Camera,Tedio,Menos de 3 horas,Nao,Forma continua,Sim,Todos os dias,Sempre,Dor nas costas; Problemas de postura; Dor de cabeca,Nao,Simplesmente por gostar,Nao,Outros; Diminuir o tempo de uso; Inserir atividades fisicas em sua rotina; Musculacao,2025-04-25 00:09:07
Outro,Ate 12 anos,Ensino Fundamental Completo,Ate 1 salario,Outros,Tedio,Acima de 8 horas,Nao,Faco pausas,Sim,Todos os dias,Nunca,Dor de cabeca; Nenhum; Dor de ouvido; Fadiga ocular,Nao,Isolamento social,Nao,Musculacao,2025-04-25 00:09:07
Prefiro nao dizer,Entre 19 e 24 anos,Ensino Medio Incompleto,Ate 1 salario,Veiculo; Computador; Televisao,Outro,Menos de 3 horas,Sim,Forma continua,Sim,De 2 a 4 vezes,Nunca,Disturbios do sono; Fadiga ocular; Sedentarismo,Nao,Dependencia,Nao,Ajuda de um profissional fisioterapeuta,2025-04-25 00:09:07
Feminino,Acima de 40 anos,Ensino Medio Incompleto,Ate 1 salario,Outros; Eletrodomesticos; Computador; Fone,Diversao / lazer,Entre 6 horas e 8 horas,Nao,Faco pausas,Nao,Nao pratica,De vez em quando,,Nao,Simplesmente por gostar,Nao,Ergonomia; Inserir atividades fisicas em sua rotina; Ajuda de um profissional fisioterapeuta,2025-04-25 00:09:07
Prefiro nao dizer,Entre 32 e 40 anos,Ensino Superior Completo,Ate 1 salario,Fone,Outro,Entre 6 horas e 8 horas,Nao,Faco pausas,Sim,1 vez,De vez em quando,Nenhum; Problemas de postura; Fadiga ocular; Dor de ouvido,Nao,Necessidade,Sim,Ergonomia; Inserir atividades fisicas em sua rotina; Diminuir o tempo de uso; Ajuda de um profissional fisioterapeuta,2025-04-25 00:09:07
Outro,Acima de 40 anos,Ensino Fundamental Incompleto,Ate 1 salario,Notebook; Televisao; Tablet; Outros; Veiculo,Trabalho,Acima de 8 horas,Sim,Faco pausas,Nao,Nao pratica,Sempre,,Sim,Dependencia,Nao,Diminuir o tempo de uso; Musculacao; Ergonomia; Ajuda de um profissional fisioterapeuta,2025-04-25 00:09:07
Prefiro nao dizer,Entre 32 e 40 anos,Ensino Medio Completo,Entre 3 e 5 salarios,Fone; Notebook; Outros; Smartphone; Veiculo,Trabalho,Acima de 8 horas,Sim,Forma continua,Nao,Nao pratica,De vez em quando,Disturbios do sono; Problemas de postura; Fadiga ocular; Cansaco excessivo,Sim,Dependencia,Nao,Ergonomia,2025-04-25 00:09:07
Feminino,Entre 13 e 18 anos,Ensino Superior Completo,Ate 1 salario,Camera,Outro,Menos de 3 horas,Nao,Forma continua,Nao,Nao pratica,Nunca,Disturbios do sono; Sedentarismo; Dor nas costas,Nao,Outros,Sim,Diminuir o tempo de uso; Outros; Musculacao,2025-04-25 00:09:07
Feminino,Entre 32 e 40 anos,Ensino Superior Incompleto,Entre 1 e 3 salarios,Outros; Eletrodomesticos; Notebook,Outro,Menos de 3 horas,Sim,Forma continua,Sim,De 2 a 4 vezes,Sempre,Dor muscular; Fadiga ocular; Nenhum,Nao,Necessidade,Sim,Ergonomia; Inserir atividades fisicas em sua rotina; Outros; Musculacao,2025-04-25 00:09:07
Prefiro nao dizer,Entre 13 e 18 anos,Ensino Superior Incompleto,Entre 1 e 3 salarios,Computador; Eletrodomesticos; Notebook; Televisao; Outros,Trabalho,Acima de 8 horas,Sim,Forma continua,Nao,Nao pratica,De vez em quando,Problemas de postura; Sedentarismo; Nenhum,Sim,Necessidade,Nao,Diminuir o tempo de uso; Inserir atividades fisicas em sua rotina,2025-04-25 00:09:07
Prefiro nao dizer,Entre 25 e 31 anos,Ensino Superior Incompleto,Ate 1 salario,Notebook; Smartphone; Outros,Trabalho,Entre 3 horas e 6 horas,Nao,Forma continua,Sim,De 4 a 6 vezes,Regularmente,Dor muscular,Nao,Outros,Sim,Inserir atividades fisicas em sua rotina; Outros,2025-04-25 00:09:07
Masculino,Acima de 40 anos,Ensino Fundamental Completo,Entre 3 e 5 salarios,Fone; Smartphone,Estudo,Acima de 8 horas,Sim,Faco pausas,Nao,Nao pratica,Nunca,Dor muscular; Nenhum,Sim,Necessidade,Nao,Diminuir o tempo de uso; Inserir atividades fisicas em sua rotina,2025-04-25 00:09:07
Prefiro nao dizer,Entre 25 e 31 anos,Ensino Medio Completo,Ate 1 salario,Outros; Televisao; Veiculo; Tablet,Estudo,Entre 3 horas e 6 horas,Sim,Forma continua,Nao,Nao pratica,Nunca,Dor muscular; Sedentarismo; Outros,Nao,Necessidade,Sim,Inserir atividades fisicas em sua rotina; Diminuir o tempo de uso,2025-04-25 00:09:07
Masculino,Entre 32 e 40 anos,Ensino Superior Completo,Entre 3 e 5 salarios,Computador; Tablet; Smartphone; Eletrodomesticos; Notebook,Tedio,Entre 6 horas e 8 horas,Nao,Forma continua,Nao,Nao pratica,Raramente,,Nao,Necessidade,Nao,Inserir atividades fisicas em sua rotina; Ergonomia; Outros,2025-04-25 00:09:07
Prefiro nao dizer,Entre 19 e 24 anos,Ensino Fundamental Incompleto,Ate 1 salario,Smartphone; Eletrodomesticos; Veiculo; Televisao; Tablet,Trabalho,Entre 3 horas e 6 horas,Sim,Faco pausas,Sim,1 vez,Raramente,Outros; Dor de cabeca; Sedentarismo; Fadiga ocular,Sim,Dependencia,Sim,Ergonomia; Diminuir o tempo de uso; Outros; Inserir atividades fisicas em sua rotina,2025-04-25 00:09:07
Masculino,Acima de 40 anos,Ensino Medio Incompleto,Entre 1 e 3 salarios,Computador,Tedio,Acima de 8 horas,Nao,Faco pausas,Nao,Nao pratica,Regularmente,Cansaco excessivo; Problemas de postura; Sedentarismo; Fadiga ocular,Nao,Necessidade,Sim,Outros; Ajuda de um profissional fisioterapeuta; Diminuir o tempo de uso; Inserir atividades fisicas em sua rotina,2025-04-25 00:09:07
Prefiro nao dizer,Entre 32 e 40 anos,Ensino Medio Incompleto,Entre 1 e 3 salarios,Notebook,Estudo,Acima de 8 horas,Nao,Forma continua,Sim,Todos os dias,Regularmente,Cansaco excessivo,Nao,Isolamento social,Sim,Inserir atividades fisicas em sua rotina; Musculacao; Ajuda de um profissional fisioterapeuta; Outros,2025-04-25 00:09:07
Masculino,Entre 19 e 24 anos,Ensino Fundamental Incompleto,Entre 3 e 5 salarios,Veiculo; Eletrodomesticos; Camera,Tedio,Entre 3 horas e 6 horas,Nao,Faco pausas,Sim,De 4 a 6 vezes,Regularmente,Dor nas costas,Nao,Dependencia,Nao,Inserir atividades fisicas em sua rotina,2025-04-25 00:09:07
Feminino,Entre 32 e 40 anos,Ensino Fundamental Incompleto,Entre 1 e 3 salarios,Tablet; Televisao; Fone; Outros,Estudo,Menos de 3 horas,Nao,Faco pausas,Nao,Nao pratica,Nunca,Cansaco excessivo,Nao,Outros,Nao,Diminuir o tempo de uso; Ergonomia; Musculacao; Inserir atividades fisicas em sua rotina,2025-04-25 00:09:07
Masculino,Entre 13 e 18 anos,Ensino Medio Completo,Entre 1 e 3 salarios,Televisao,Tedio,Menos de 3 horas,Sim,Faco pausas,Sim,De 2 a 4 vezes,Nunca,Disturbios do sono,Nao,Dependencia,Nao,Diminuir o tempo de uso; Ergonomia,2025-04-25 00:09:07
Masculino,Entre 19 e 24 anos,Ensino Medio Completo,Acima de 5 salarios,Eletrodomesticos; Outros,Estudo,Entre 6 horas e 8 horas,Nao,Faco pausas,Nao,Nao pratica,Raramente,Dor muscular; Dor nas costas,Nao,Dependencia,Sim,Outros,2025-04-25 00:09:07
Masculino,Entre 25 e 31 anos,Ensino Superior Incompleto,Entre 1 e 3 salarios,Camera; Eletrodomesticos,Trabalho,Menos de 3 horas,Nao,Faco pausas,Nao,Nao pratica,Raramente,Fadiga ocular; Dor de cabeca; Dor de ouvido; Sedentarismo,Nao,Simplesmente por gostar,Nao,Musculacao; Diminuir o tempo de uso; Ergonomia,2025-04-25 00:09:07
Outro,Entre 32 e 40 anos,Ensino Fundamental Incompleto,Acima de 5 salarios,Televisao; Veiculo; Computador; Tablet; Camera,Outro,Acima de 8 horas,Sim,Forma continua,Sim,Todos os dias,De vez em quando,,Sim,Necessidade,Sim,Diminuir o tempo de uso; Ajuda de um profissional fisioterapeuta; Ergonomia,2025-04-25 00:09:07
Prefiro nao dizer,Entre 32 e 40 anos,Ensino Superior Incompleto,Acima de 5 salarios,Televisao; Smartphone; Veiculo; Eletrodomesticos,Estudo,Acima de 8 horas,Sim,Forma continua,Sim,De 4 a 6 vezes,Raramente,Nenhum; Dor de ouvido,Nao,Dependencia,Sim,Inserir atividades fisicas em sua rotina; Outros,2025-04-25 00:09:07
Masculino,Entre 25 e 31 anos,Ensino Medio Completo,Entre 1 e 3 salarios,Computador; Camera,Trabalho,Acima de 8 horas,Nao,Faco pausas,Sim,De 4 a 6 vezes,Nunca,Dor muscular; Dor de cabeca; Disturbios do sono; Problemas de postura,Sim,Outros,Sim,Musculacao,2025-04-25 00:09:07
Outro,Entre 32 e 40 anos,Ensino Superior Completo,Acima de 5 salarios,Smartphone; Tablet; Camera; Notebook,Diversao / lazer,Menos de 3 horas,Sim,Forma continua,Sim,De 2 a 4 vezes,Nunca,Outros,Nao,Dependencia,Sim,Ergonomia; Inserir atividades fisicas em sua rotina,2025-04-25 00:09:07
Outro,Ate 12 anos,Ensino Superior Incompleto,Entre 1 e 3 salarios,Outros; Tablet; Camera; Notebook,Outro,Entre 3 horas e 6 horas,Nao,Forma continua,Nao,Nao pratica,Sempre,,Nao,Isolamento social,Nao,Inserir atividades fisicas em sua rotina; Ajuda de um profissional fisioterapeuta,2025-04-25 00:09:07
Prefiro nao dizer,Entre 25 e 31 anos,Ensino Medio Incompleto,Acima de 5 salarios,Outros; Fone; Eletrodomesticos,Tedio,Acima de 8 horas,Nao,Forma continua,Sim,De 4 a 6 vezes,Nunca,Outros; Problemas de postura,Sim,Simplesmente por gostar,Sim,Ergonomia; Inserir atividades fisicas em sua rotina; Musculacao; Diminuir o tempo de uso,2025-04-25 00:09:07
Feminino,Entre 25 e 31 anos,Ensino Medio Completo,Acima de 5 salarios,Notebook; Tablet,Outro,Entre 3 horas e 6 horas,Sim,Forma continua,Sim,De 4 a 6 vezes,De vez em quando,Dor de ouvido; Dor de cabeca,Sim,Necessidade,Sim,Inserir atividades fisicas em sua rotina; Outros,2025-04-25 00:09:07
Masculino,Entre 13 e 18 anos,Ensino Superior Incompleto,Ate 1 salario,Notebook,Tedio,Entre 3 horas e 6 horas,Sim,Forma continua,Sim,De 4 a 6 vezes,Sempre,Sedentarismo; Dor de ouvido,Nao,Outros,Nao,Diminuir o tempo de uso; Musculacao,2025-04-25 00:09:07
Feminino,Entre 13 e 18 anos,Ensino Fundamental Completo,Acima de 5 salarios,Tablet,Tedio,Acima de 8 horas,Nao,Faco pausas,Nao,Nao pratica,Nunca,Dor de ouvido; Cansaco excessivo; Dor muscular,Sim,Isolamento social,Sim,Musculacao,2025-04-25 00:09:07
Masculino,Acima de 40 anos,Ensino Superior Incompleto,Acima de 5 salarios,Televisao; Camera; Tablet,Estudo,Entre 3 horas e 6 horas,Sim,Faco pausas,Sim,De 2 a 4 vezes,Sempre,,Sim,Necessidade,Nao,Musculacao; Inserir atividades fisicas em sua rotina; Ergonomia,2025-04-25 00:09:07
Outro,Acima de 40 anos,Ensino Superior Completo,Entre 3 e 5 salarios,Camera,Outro,Entre 3 horas e 6 horas,Sim,Faco pausas,Nao,Nao pratica,Sempre,Disturbios do sono; Fadiga ocular; Outros,Nao,Isolamento social,Sim,Musculacao,2025-04-25 00:09:07
Feminino,Acima de 40 anos,Ensino Medio Incompleto,Ate 1 salario,Notebook,Outro,Entre 6 horas e 8 horas,Sim,Forma continua,Sim,Todos os dias,Nunca,Cansaco excessivo; Fadiga ocular,Nao,Necessidade,Nao,Ajuda de um profissional fisioterapeuta,2025-04-25 00:09:07
Outro,Entre 25 e 31 anos,Ensino Medio Completo,Entre 1 e 3 salarios,Computador; Eletrodomesticos; Outros; Veiculo,Estudo,Acima de 8 horas,Nao,Faco pausas,Sim,1 vez,Sempre,Nenhum; Problemas de postura; Sedentarismo; Disturbios do sono,Sim,Outros,Nao,Outros; Diminuir o tempo de uso,2025-04-25 00:09:07
Outro,Entre 19 e 24 anos,Ensino Fundamental Completo,Ate 1 salario,Fone; Tablet; Televisao; Notebook,Tedio,Acima de 8 horas,Nao,Forma continua,Sim,De 2 a 4 vezes,Sempre,,Sim,Isolamento social,Nao,Musculacao; Ajuda de um profissional fisioterapeuta; Outros,2025-04-25 00:09:07
Masculino,Acima de 40 anos,Ensino Superior Completo,Entre 3 e 5 salarios,Fone,Trabalho,Entre 6 horas e 8 horas,Sim,Faco pausas,Nao,Nao pratica,Raramente,Outros; Problemas de postura; Cansaco excessivo; Dor nas costas,Sim,Necessidade,Sim,Ergonomia,2025-04-25 00:09:07
Masculino,Entre 25 e 31 anos,Ensino Superior Completo,Entre 1 e 3 salarios,Eletrodomesticos; Smartphone,Diversao / lazer,Menos de 3 horas,Sim,Faco pausas,Sim,Todos os dias,Sempre,Disturbios do sono; Dor muscular; Problemas de postura; Dor de ouvido,Nao,Dependencia,Nao,Ergonomia,2025-04-25 00:09:07
Prefiro nao dizer,Entre 25 e 31 anos,Ensino Medio Incompleto,Entre 1 e 3 salarios,Smartphone; Eletrodomesticos,Trabalho,Menos de 3 horas,Nao,Faco pausas,Nao,Nao pratica,De vez em quando,Dor nas costas; Problemas de postura; Fadiga ocular,Nao,Simplesmente por gostar,Sim,Inserir atividades fisicas em sua rotina; Outros,2025-04-25 00:09:07
Outro,Acima de 40 anos,Ensino Medio Completo,Entre 3 e 5 salarios,Televisao; Smartphone; Notebook; Eletrodomesticos; Veiculo,Diversao / lazer,Entre 6 horas e 8 horas,Nao,Forma continua,Sim,De 2 a 4 vezes,Raramente,,Sim,Isolamento social,Nao,Diminuir o tempo de uso,2025-04-25 00:09:07
Outro,Entre 25 e 31 anos,Ensino Fundamental Completo,Acima de 5 salarios,Televisao; Veiculo,Tedio,Entre 6 horas e 8 horas,Sim,Forma continua,Nao,Nao pratica,Sempre,Dor de cabeca; Cansaco excessivo,Sim,Isolamento social,Sim,Musculacao; Ergonomia; Outros,2025-04-25 00:09:07
Outro,Entre 32 e 40 anos,Ensino Medio Incompleto,Entre 1 e 3 salarios,Eletrodomesticos; Fone; Notebook; Tablet,Tedio,Entre 3 horas e 6 horas,Nao,Faco pausas,Sim,1 vez,Regularmente,Sedentarismo; Nenhum,Sim,Outros,Nao,Inserir atividades fisicas em sua rotina,2025-04-25 00:09:07
Feminino,Ate 12 anos,Ensino Superior Completo,Acima de 5 salarios,Camera; Televisao; Tablet; Smartphone,Outro,Acima de 8 horas,Sim,Forma continua,Sim,Todos os dias,Regularmente,Dor muscular; Disturbios do sono; Dor nas costas; Fadiga ocular,Nao,Outros,Nao,Inserir atividades fisicas em sua rotina; Outros,2025-04-25 00:09:07
Feminino,Ate 12 anos,Ensino Medio Incompleto,Acima de 5 salarios,Eletrodomesticos; Smartphone; Computador; Televisao; Outros,Tedio,Entre 3 horas e 6 horas,Nao,Forma continua,Nao,Nao pratica,Nunca,,Sim,Dependencia,Nao,Outros,2025-04-25 00:09:07
Feminino,Entre 32 e 40 anos,Ensino Medio Completo,Entre 3 e 5 salarios,Fone,Trabalho,Entre 6 horas e 8 horas,Sim,Faco pausas,Nao,Nao pratica,Nunca,Cansaco excessivo,Nao,Dependencia,Nao,Outros,2025-04-25 00:09:07
Masculino,Entre 32 e 40 anos,Ensino Medio Completo,Ate 1 salario,Notebook; Smartphone; Fone,Estudo,Menos de 3 horas,Nao,Forma continua,Sim,De 2 a 4 vezes,Raramente,,Sim,Simplesmente por gostar,Sim,Musculacao; Ergonomia; Inserir atividades fisicas em sua rotina,2025-04-25 00:09:07
Masculino,Entre 19 e 24 anos,Ensino Fundamental Incompleto,Ate 1 salario,Tablet; Smartphone; Computador; Eletrodomesticos,Diversao / lazer,Menos de 3 horas,Nao,Forma continua,Sim,1 vez,Raramente,Sedentarismo; Fadiga ocular,Nao,Necessidade,Sim,Ergonomia; Inserir atividades fisicas em sua rotina; Ajuda de um profissional fisioterapeuta,2025-04-25 00:09:07
Outro,Ate 12 anos,Ensino Superior Incompleto,Entre 3 e 5 salarios,Televisao; Smartphone; Notebook,Diversao / lazer,Menos de 3 horas,Nao,Faco pausas,Sim,1 vez,Regularmente,,Nao,Isolamento social,Sim,Ajuda de um profissional fisioterapeuta,2025-04-25 00:09:07
Feminino,Entre 13 e 18 anos,Ensino Fundamental Completo,Acima de 5 salarios,Tablet; Televisao; Notebook,Estudo,Entre 6 horas e 8 horas,Sim,Faco pausas,Sim,De 2 a 4 vezes,Regularmente,Dor nas costas; Dor de cabeca; Dor muscular,Sim,Outros,Nao,Outros; Ergonomia,2025-04-25 00:09:07
Feminino,Entre 19 e 24 anos,Ensino Medio Incompleto,Entre 1 e 3 salarios,Smartphone,Estudo,Entre 6 horas e 8 horas,Sim,Forma continua,Nao,Nao pratica,Sempre,Nenhum; Problemas de postura; Outros,Nao,Simplesmente por gostar,Sim,Inserir atividades fisicas em sua rotina,2025-04-25 00:09:07
Prefiro nao dizer,Entre 19 e 24 anos,Ensino Fundamental Incompleto,Ate 1 salario,Eletrodomesticos; Smartphone; Notebook,Trabalho,Entre 3 horas e 6 horas,Sim,Faco pausas,Nao,Nao pratica,Nunca,Dor nas costas; Dor de ouvido; Cansaco excessivo,Nao,Isolamento social,Sim,Ergonomia; Inserir atividades fisicas em sua rotina,2025-04-25 00:09:07
Masculino,Entre 32 e 40 anos,Ensino Superior Incompleto,Acima de 5 salarios,Fone; Notebook; Camera; Veiculo,Estudo,Entre 3 horas e 6 horas,Nao,Faco pausas,Sim,1 vez,Sempre,Dor muscular; Dor de cabeca,Nao,Necessidade,Sim,Ajuda de um profissional fisioterapeuta,2025-04-25 00:09:07
Prefiro nao dizer,Entre 13 e 18 anos,Ensino Medio Completo,Acima de 5 salarios,Tablet; Outros; Computador,Tedio,Menos de 3 horas,Nao,Faco pausas,Sim,Todos os dias,Regularmente,Cansaco excessivo; Outros; Sedentarismo; Nenhum,Nao,Dependencia,Sim,Ajuda de um profissional fisioterapeuta; Musculacao,2025-04-25 00:09:07
Outro,Ate 12 anos,Ensino Superior Incompleto,Entre 1 e 3 salarios,Notebook; Computador; Fone,Tedio,Menos de 3 horas,Sim,Faco pausas,Sim,Todos os dias,De vez em quando,Problemas de postura; Nenhum,Nao,Simplesmente por gostar,Sim,Inserir atividades fisicas em sua rotina; Ajuda de um profissional fisioterapeuta,2025-04-25 00:09:07
Feminino,Entre 32 e 40 anos,Ensino Fundamental Incompleto,Ate 1 salario,Tablet,Diversao / lazer,Entre 3 horas e 6 horas,Sim,Forma continua,Nao,Nao pratica,Nunca,,Nao,Isolamento social,Sim,Ajuda de um profissional fisioterapeuta; Musculacao,2025-04-25 00:09:07
Feminino,Entre 32 e 40 anos,Ensino Fundamental Incompleto,Entre 3 e 5 salarios,Smartphone; Notebook; Fone; Computador,Tedio,Entre 3 horas e 6 horas,Nao,Faco pausas,Sim,Todos os dias,Raramente,Sedentarismo; Dor muscular; Dor de ouvido; Dor de cabeca,Nao,Isolamento social,Nao,Ergonomia; Inserir atividades fisicas em sua rotina; Musculacao; Diminuir o tempo de uso,2025-04-25 00:09:07
Masculino,Entre 19 e 24 anos,Ensino Superior Incompleto,Entre 1 e 3 salarios,Fone; Veiculo; Eletrodomesticos; Tablet; Smartphone,Diversao / lazer,Entre 3 horas e 6 horas,Nao,Forma continua,Nao,Nao pratica,Sempre,Dor nas costas; Disturbios do sono,Sim,Necessidade,Nao,Ergonomia; Musculacao,2025-04-25 00:09:07
Outro,Entre 32 e 40 anos,Ensino Medio Completo,Entre 1 e 3 salarios,Computador; Veiculo; Televisao; Eletrodomesticos; Smartphone,Outro,Acima de 8 horas,Sim,Faco pausas,Nao,Nao pratica,Raramente,,Nao,Simplesmente por gostar,Nao,Diminuir o tempo de uso; Ajuda de um profissional fisioterapeuta; Musculacao; Outros,2025-04-25 00:09:07
Feminino,Entre 25 e 31 anos,Ensino Fundamental Completo,Acima de 5 salarios,Computador; Eletrodomesticos,Estudo,Acima de 8 horas,Nao,Faco pausas,Sim,1 vez,Regularmente,Cansaco excessivo,Sim,Isolamento social,Sim,Ergonomia,2025-04-25 00:09:07
Feminino,Entre 25 e 31 anos,Ensino Superior Completo,Acima de 5 salarios,Notebook,Trabalho,Acima de 8 horas,Nao,Forma continua,Nao,Nao pratica,Regularmente,Fadiga ocular; Disturbios do sono,Sim,Necessidade,Nao,Musculacao; Diminuir o tempo de uso,2025-04-25 00:09:07
Feminino,Entre 25 e 31 anos,Ensino Superior Completo,Entre 1 e 3 salarios,Eletrodomesticos; Veiculo; Televisao; Notebook,Estudo,Entre 6 horas e 8 horas,Sim,Faco pausas,Nao,Nao pratica,De vez em quando,Disturbios do sono; Sedentarismo,Nao,Isolamento social,Sim,Ajuda de um profissional fisioterapeuta; Outros; Musculacao; Ergonomia,2025-04-25 00:09:07
Feminino,Entre 25 e 31 anos,Ensino Fundamental Incompleto,Acima de 5 salarios,Veiculo; Notebook; Televisao,Tedio,Entre 3 horas e 6 horas,Sim,Faco pausas,Nao,Nao pratica,Sempre,,Nao,Dependencia,Nao,Musculacao,2025-04-25 00:09:07
Feminino,Entre 19 e 24 anos,Ensino Superior Completo,Acima de 5 salarios,Computador; Outros,Trabalho,Entre 3 horas e 6 horas,Sim,Forma continua,Sim,De 4 a 6 vezes,Nunca,Nenhum; Cansaco excessivo,Nao,Dependencia,Sim,Ergonomia,2025-04-25 00:09:07
Feminino,Entre 32 e 40 anos,Ensino Fundamental Completo,Ate 1 salario,Fone,Tedio,Menos de 3 horas,Nao,Faco pausas,Sim,De 2 a 4 vezes,Nunca,Dor nas costas,Sim,Isolamento social,Nao,Outros; Ajuda de um profissional fisioterapeuta,2025-04-25 00:09:07
Masculino,Entre 13 e 18 anos,Ensino Fundamental Completo,Acima de 5 salarios,Smartphone; Eletrodomesticos; Outros; Tablet,Outro,Entre 3 horas e 6 horas,Nao,Faco pausas,Sim,1 vez,Raramente,Nenhum; Disturbios do sono; Dor muscular,Sim,Isolamento social,Sim,Ajuda de um profissional fisioterapeuta; Outros; Diminuir o tempo de uso; Inserir atividades fisicas em sua rotina,2025-04-25 00:09:07
Feminino,Acima de 40 anos,Ensino Superior Incompleto,Entre 3 e 5 salarios,Eletrodomesticos; Fone,Outro,Entre 3 horas e 6 horas,Sim,Forma continua,Nao,Nao pratica,De vez em quando,Dor de cabeca,Nao,Isolamento social,Sim,Ergonomia,2025-04-25 00:09:07
Feminino,Entre 19 e 24 anos,Ensino Fundamental Completo,Entre 1 e 3 salarios,Eletrodomesticos,Trabalho,Entre 3 horas e 6 horas,Nao,Forma continua,Sim,De 2 a 4 vezes,Raramente,Outros; Disturbios do sono; Cansaco excessivo; Dor de ouvido,Nao,Isolamento social,Sim,Outros; Ergonomia; Diminuir o tempo de uso,2025-04-25 00:09:07
Prefiro nao dizer,Entre 32 e 40 anos,Ensino Fundamental Incompleto,Acima de 5 salarios,Fone; Veiculo; Camera,Tedio,Menos de 3 horas,Sim,Faco pausas,Nao,Nao pratica,Regularmente,Dor muscular; Nenhum; Outros,Sim,Outros,Sim,Ajuda de um profissional fisioterapeuta,2025-04-25 00:09:07
Masculino,Entre 13 e 18 anos,Ensino Superior Completo,Entre 1 e 3 salarios,Veiculo,Diversao / lazer,Entre 3 horas e 6 horas,Sim,Faco pausas,Nao,Nao pratica,Sempre,Dor nas costas,Nao,Isolamento social,Nao,Ergonomia; Inserir atividades fisicas em sua rotina; Musculacao,2025-04-25 00:09:07
Masculino,Acima de 40 anos,Ensino Fundamental Incompleto,Acima de 5 salarios,Veiculo; Camera; Fone; Notebook,Tedio,Menos de 3 horas,Sim,Forma continua,Nao,Nao pratica,Regularmente,Nenhum; Problemas de postura,Nao,Simplesmente por gostar,Sim,Inserir atividades fisicas em sua rotina,2025-04-25 00:09:07
Feminino,Entre 25 e 31 anos,Ensino Fundamental Completo,Ate 1 salario,Camera; Notebook; Fone; Televisao; Tablet,Estudo,Entre 6 horas e 8 horas,Sim,Forma continua,Nao,Nao pratica,De vez em quando,Nenhum,Nao,Necessidade,Nao,Outros; Diminuir o tempo de uso; Musculacao,2025-04-25 00:09:07
Prefiro nao dizer,Ate 12 anos,Ensino Fundamental Incompleto,Acima de 5 salarios,Computador; Fone; Smartphone; Veiculo,Diversao / lazer,Entre 6 horas e 8 horas,Sim,Faco pausas,Nao,Nao pratica,Sempre,Dor muscular; Fadiga ocular,Sim,Dependencia,Nao,Inserir atividades fisicas em sua rotina; Ergonomia; Outros,2025-04-25 00:09:07
Outro,Ate 12 anos,Ensino Fundamental Completo,Ate 1 salario,Eletrodomesticos; Smartphone; Outros; Televisao,Outro,Entre 6 horas e 8 horas,Nao,Forma continua,Nao,Nao pratica,Regularmente,,Nao,Outros,Nao,Ergonomia; Inserir atividades fisicas em sua rotina,2025-04-25 00:09:07
Masculino,Entre 25 e 31 anos,Ensino Medio Incompleto,Acima de 5 salarios,Outros; Eletrodomesticos,Estudo,Acima de 8 horas,Sim,Faco pausas,Nao,Nao pratica,Nunca,Cansaco excessivo,Sim,Isolamento social,Nao,Musculacao,2025-04-25 00:09:07
Prefiro nao dizer,Entre 13 e 18 anos,Ensino Superior Completo,Entre 1 e 3 salarios,Computador; Tablet,Diversao / lazer,Menos de 3 horas,Sim,Faco pausas,Sim,Todos os dias,Nunca,Cansaco excessivo; Dor nas costas,Nao,Dependencia,Nao,Diminuir o tempo de uso; Outros,2025-04-25 00:09:07
Outro,Entre 25 e 31 anos,Ensino Fundamental Incompleto,Entre 1 e 3 salarios,Camera,Tedio,Entre 6 horas e 8 horas,Sim,Faco pausas,Nao,Nao pratica,De vez em quando,Disturbios do sono; Problemas de postura; Dor nas costas,Sim,Isolamento social,Sim,Inserir atividades fisicas em sua rotina,2025-04-25 00:09:07
Outro,Acima de 40 anos,Ensino Fundamental Incompleto,Entre 1 e 3 salarios,Camera; Televisao; Outros; Fone; Veiculo,Diversao / lazer,Menos de 3 horas,Sim,Faco pausas,Nao,Nao pratica,Raramente,,Sim,Dependencia,Nao,Ajuda de um profissional fisioterapeuta; Musculacao; Inserir atividades fisicas em sua rotina; Ergonomia,2025-04-25 00:09:07
Prefiro nao dizer,Entre 25 e 31 anos,Ensino Medio Incompleto,Entre 3 e 5 salarios,Tablet; Smartphone; Veiculo; Televisao,Tedio,Entre 6 horas e 8 horas,Nao,Faco pausas,Nao,Nao pratica,Regularmente,,Nao,Dependencia,Sim,Outros,2025-04-25 00:09:07
Prefiro nao dizer,Entre 19 e 24 anos,Ensino Fundamental Completo,Entre 1 e 3 salarios,Fone,Tedio,Entre 3 horas e 6 horas,Sim,Faco pausas,Sim,Todos os dias,Raramente,Dor nas costas,Sim,Dependencia,Nao,Ergonomia; Ajuda de um profissional fisioterapeuta; Outros,2025-04-25 00:09:07
Prefiro nao dizer,Entre 13 e 18 anos,Ensino Medio Incompleto,Entre 3 e 5 salarios,Camera; Veiculo; Fone,Estudo,Menos de 3 horas,Sim,Faco pausas,Nao,Nao pratica,De vez em quando,Nenhum; Sedentarismo; Dor nas costas; Problemas de postura,Sim,Isolamento social,Nao,Ajuda de um profissional fisioterapeuta; Ergonomia,2025-04-25 00:09:07
Masculino,Entre 13 e 18 anos,Ensino Superior Completo,Acima de 5 salarios,Notebook; Computador; Televisao,Estudo,Acima de 8 horas,Nao,Faco pausas,Nao,Nao pratica,Raramente,Sedentarismo; Outros,Sim,Isolamento social,Nao,Ajuda de um profissional fisioterapeuta; Inserir atividades fisicas em sua rotina; Ergonomia; Outros,2025-04-25 00:09:07
Prefiro nao dizer,Ate 12 anos,Ensino Medio Completo,Entre 1 e 3 salarios,Notebook; Outros; Smartphone,Diversao / lazer,Menos de 3 horas,Sim,Forma continua,Nao,Nao pratica,Regularmente,Dor muscular; Fadiga ocular,Sim,Necessidade,Sim,Outros; Ergonomia,2025-04-25 00:09:07
Prefiro nao dizer,Entre 13 e 18 anos,Ensino Superior Incompleto,Acima de 5 salarios,Outros,Tedio,Entre 6 horas e 8 horas,Sim,Forma continua,Sim,De 4 a 6 vezes,Regularmente,Cansaco excessivo; Fadiga ocular; Disturbios do sono,Sim,Outros,Sim,Ajuda de um profissional fisioterapeuta,2025-04-25 00:09:07
Masculino,Ate 12 anos,Ensino Fundamental Completo,Entre 3 e 5 salarios,Camera; Televisao; Outros; Eletrodomesticos; Veiculo,Trabalho,Menos de 3 horas,Sim,Forma continua,Nao,Nao pratica,Sempre,Nenhum,Sim,Simplesmente por gostar,Sim,Outros; Ergonomia; Inserir atividades fisicas em sua rotina; Musculacao,2025-04-25 00:09:07
Outro,Entre 19 e 24 anos,Ensino Superior Incompleto,Ate 1 salario,Tablet; Eletrodomesticos,Trabalho,Menos de 3 horas,Sim,Forma continua,Sim,De 4 a 6 vezes,Nunca,Sedentarismo; Outros,Sim,Simplesmente por gostar,Sim,Musculacao; Ajuda de um profissional fisioterapeuta; Inserir atividades fisicas em sua rotina; Diminuir o tempo de uso,2025-04-25 00:09:07
Outro,Entre 13 e 18 anos,Ensino Fundamental Completo,Ate 1 salario,Eletrodomesticos; Fone; Veiculo,Outro,Acima de 8 horas,Sim,Faco pausas,Nao,Nao pratica,Regularmente,Dor de cabeca; Outros; Fadiga ocular; Disturbios do sono,Nao,Dependencia,Sim,Ergonomia; Ajuda de um profissional fisioterapeuta; Outros; Inserir atividades fisicas em sua rotina,2025-04-25 00:09:07
Outro,Entre 32 e 40 anos,Ensino Superior Incompleto,Ate 1 salario,Veiculo; Smartphone; Computador; Notebook; Outros,Diversao / lazer,Menos de 3 horas,Sim,Forma continua,Sim,1 vez,De vez em quando,Sedentarismo,Sim,Simplesmente por gostar,Sim,Inserir atividades fisicas em sua rotina,2025-04-25 00:09:07
Prefiro nao dizer,Entre 32 e 40 anos,Ensino Medio Completo,Entre 1 e 3 salarios,Eletrodomesticos,Outro,Entre 3 horas e 6 horas,Nao,Forma continua,Sim,De 2 a 4 vezes,Nunca,,Sim,Outros,Sim,Ergonomia; Outros,2025-04-25 00:09:07
Outro,Entre 32 e 40 anos,Ensino Superior Incompleto,Acima de 5 salarios,Computador; Tablet; Camera; Eletrodomesticos,Estudo,Menos de 3 horas,Nao,Forma continua,Nao,Nao pratica,Regularmente,Dor muscular; Problemas de postura,Sim,Necessidade,Sim,Inserir atividades fisicas em sua rotina,2025-04-25 00:09:07
Prefiro nao dizer,Ate 12 anos,Ensino Superior Incompleto,Ate 1 salario,Outros; Eletrodomesticos; Tablet; Televisao; Computador,Outro,Entre 3 horas e 6 horas,Nao,Faco pausas,Nao,Nao pratica,Sempre,Dor de cabeca,Nao,Dependencia,Sim,Ergonomia; Outros,2025-04-25 00:09:07
Prefiro nao dizer,Ate 12 anos,Ensino Superior Incompleto,Entre 3 e 5 salarios,Notebook; Televisao; Smartphone,Estudo,Entre 3 horas e 6 horas,Nao,Faco pausas,Sim,De 4 a 6 vezes,Raramente,Dor de ouvido; Problemas de postura,Nao,Isolamento social,Sim,Outros; Ergonomia; Inserir atividades fisicas em sua rotina; Ajuda de um profissional fisioterapeuta,2025-04-25 00:09:07
Feminino,Entre 19 e 24 anos,Ensino Superior Completo,Entre 3 e 5 salarios,Computador; Tablet; Camera; Televisao; Outros,Estudo,Menos de 3 horas,Sim,Faco pausas,Sim,De 4 a 6 vezes,Regularmente,Outros,Sim,Outros,Sim,Inserir atividades fisicas em sua rotina; Ajuda de um profissional fisioterapeuta; Outros,2025-04-25 00:09:07
Feminino,Acima de 40 anos,Ensino Superior Completo,Entre 3 e 5 salarios,Eletrodomesticos; Fone,Diversao / lazer,Entre 6 horas e 8 horas,Sim,Faco pausas,Nao,Nao pratica,De vez em quando,,Nao,Necessidade,Sim,Ergonomia; Musculacao,2025-04-25 00:09:07
Prefiro nao dizer,Ate 12 anos,Ensino Superior Incompleto,Entre 1 e 3 salarios,Outros,Trabalho,Acima de 8 horas,Nao,Forma continua,Nao,Nao pratica,Sempre,Fadiga ocular; Problemas de postura; Dor muscular,Nao,Necessidade,Sim,Musculacao; Outros,2025-04-25 00:09:07
Prefiro nao dizer,Acima de 40 anos,Ensino Superior Incompleto,Entre 1 e 3 salarios,Camera,Trabalho,Entre 6 horas e 8 horas,Sim,Faco pausas,Nao,Nao pratica,Regularmente,Dor nas costas; Sedentarismo,Nao,Dependencia,Nao,Inserir atividades fisicas em sua rotina; Outros,2025-04-25 00:09:07
Masculino,Ate 12 anos,Ensino Medio Incompleto,Entre 3 e 5 salarios,Tablet; Fone,Estudo,Menos de 3 horas,Nao,Forma continua,Sim,De 2 a 4 vezes,Sempre,Nenhum; Dor muscular; Dor de ouvido; Disturbios do sono,Sim,Dependencia,Sim,Diminuir o tempo de uso; Inserir atividades fisicas em sua rotina; Musculacao; Ergonomia,2025-04-25 00:09:07
Masculino,Ate 12 anos,Ensino Medio Completo,Entre 1 e 3 salarios,Veiculo; Outros; Notebook,Trabalho,Menos de 3 horas,Nao,Faco pausas,Nao,Nao pratica,Nunca,Fadiga ocular,Nao,Simplesmente por gostar,Sim,Ajuda de um profissional fisioterapeuta; Diminuir o tempo de uso,2025-04-25 00:09:07
Prefiro nao dizer,Entre 13 e 18 anos,Ensino Fundamental Completo,Ate 1 salario,Tablet; Eletrodomesticos,Outro,Menos de 3 horas,Nao,Faco pausas,Nao,Nao pratica,Sempre,Problemas de postura; Fadiga ocular; Dor nas costas,Sim,Outros,Sim,Inserir atividades fisicas em sua rotina,2025-04-25 00:09:07
Prefiro nao dizer,Entre 25 e 31 anos,Ensino Fundamental Completo,Acima de 5 salarios,Tablet; Eletrodomesticos; Outros; Smartphone; Veiculo,Estudo,Menos de 3 horas,Sim,Faco pausas,Sim,1 vez,Nunca,Outros; Sedentarismo,Nao,Isolamento social,Sim,Inserir atividades fisicas em sua rotina; Ajuda de um profissional fisioterapeuta; Diminuir o tempo de uso,2025-04-25 00:09:07
Outro,Entre 19 e 24 anos,Ensino Fundamental Completo,Ate 1 salario,Tablet; Televisao; Fone,Estudo,Entre 6 horas e 8 horas,Sim,Faco pausas,Sim,1 vez,Sempre,,Sim,Necessidade,Sim,Inserir atividades fisicas em sua rotina,2025-04-25 00:09:07
Feminino,Entre 32 e 40 anos,Ensino Fundamental Incompleto,Ate 1 salario,Veiculo; Camera; Smartphone; Tablet; Computador,Tedio,Entre 6 horas e 8 horas,Sim,Forma continua,Sim,1 vez,Raramente,Dor de cabeca; Dor muscular; Dor nas costas; Cansaco excessivo,Sim,Dependencia,Sim,Musculacao; Diminuir o tempo de uso,2025-04-25 00:09:07
Outro,Entre 32 e 40 anos,Ensino Fundamental Incompleto,Entre 3 e 5 salarios,Fone,Diversao / lazer,Entre 6 horas e 8 horas,Nao,Faco pausas,Nao,Nao pratica,Nunca,Dor de ouvido; Dor muscular; Sedentarismo,Sim,Simplesmente por gostar,Sim,Musculacao,2025-04-25 00:09:07
Masculino,Ate 12 anos,Ensino Fundamental Completo,Entre 3 e 5 salarios,Eletrodomesticos; Smartphone,Trabalho,Acima de 8 horas,Sim,Faco pausas,Nao,Nao pratica,Raramente,Dor de cabeca; Dor de ouvido,Sim,Isolamento social,Nao,Ergonomia,2025-04-25 00:09:07
Feminino,Entre 19 e 24 anos,Ensino Superior Incompleto,Entre 3 e 5 salarios,Notebook; Fone; Camera; Smartphone; Eletrodomesticos,Estudo,Entre 6 horas e 8 horas,Nao,Forma continua,Nao,Nao pratica,Sempre,,Nao,Outros,Sim,Ajuda de um profissional fisioterapeuta; Diminuir o tempo de uso; Ergonomia; Outros,2025-04-25 00:09:07
Feminino,Entre 32 e 40 anos,Ensino Fundamental Incompleto,Acima de 5 salarios,Fone; Camera; Computador; Veiculo; Smartphone,Diversao / lazer,Entre 6 horas e 8 horas,Nao,Forma continua,Nao,Nao pratica,Raramente,Cansaco excessivo; Disturbios do sono; Dor de ouvido,Sim,Dependencia,Sim,Ajuda de um profissional fisioterapeuta; Outros; Musculacao,2025-04-25 00:09:07
Outro,Entre 19 e 24 anos,Ensino Medio Completo,Entre 3 e 5 salarios,Outros; Camera,Estudo,Acima de 8 horas,Sim,Forma continua,Sim,De 4 a 6 vezes,De vez em quando,Problemas de postura; Dor de cabeca,Sim,Simplesmente por gostar,Nao,Diminuir o tempo de uso; Outros,2025-04-25 00:09:07
Masculino,Entre 25 e 31 anos,Ensino Superior Completo,Entre 3 e 5 salarios,Outros; Smartphone; Tablet; Veiculo; Eletrodomesticos,Tedio,Menos de 3 horas,Sim,Faco pausas,Sim,Todos os dias,Nunca,Disturbios do sono,Sim,Isolamento social,Sim,Ajuda de um profissional fisioterapeuta; Inserir atividades fisicas em sua rotina,2025-04-25 00:09:07
Masculino,At 12 anos,Ensino Fundamental Incompleto,At 1 salrio,Smartphone; Computador; Tablet,Trabalho,Menos de 3 horas,Sim,Forma contnua,Sim,1 vez,Nunca,Dor nas costas; Dor muscular; Cansao excessivo,Sim,['Ajuda de um profissional fisioterapeuta'],Sim,Ajuda de um profissional fisioterapeuta,2025-04-25 19:33:55
